,Guide-Seq,false_seq,label
0,GGTGAGTGAGTGTGTGCGTGTGG,TGAGTGTGTGTGTGTGCATGTGT,0
1,GGTGAGTGAGTGTGTGCGTGTGG,TGTGAGTGTGTGTGTGTGTGTGT,0
2,GGTGAGTGAGTGTGTGCGTGTGG,GGTGAGTCAGTGTGTGAGTGAGG,1
3,GGTGAGTGAGTGTGTGCGTGTGG,TGTGTGTGTGTGTGTGCGCGCGC,0
4,GGTGAGTGAGTGTGTGCGTGTGG,TGTGTGTGTGTGTGTGCGTGTGT,0
5,GGTGAGTGAGTGTGTGCGTGTGG,TGTGTGTGTGTGTGTGTGTGTGC,0
6,GGTGAGTGAGTGTGTGCGTGTGG,AGAGACAGAGTGTGTGAGTGTGT,0
7,GGTGAGTGAGTGTGTGCGTGTGG,GGAGAGTGAGTGTGTGTGTGAGA,1
8,GGTGAGTGAGTGTGTGCGTGTGG,TGTGAGAGAGAGTGTGCGTGTGG,1
9,GGTGAGTGAGTGTGTGCGTGTGG,TGTGAGTGTGTGTGTGTGTGTGT,0
10,GGTGAGTGAGTGTGTGCGTGTGG,GGTGGATGACTGTGTGTGTGGGG,1
11,GGTGAGTGAGTGTGTGCGTGTGG,TGTGTGTGTGTGTGTGTGTGTGT,0
12,GGTGAGTGAGTGTGTGCGTGTGG,TGTGTGCGTGTGTGTGTGTGTGT,0
13,GGTGAGTGAGTGTGTGCGTGTGG,TGTGAGTGAGTGTGTGCGTGTGA,1
14,GGTGAGTGAGTGTGTGCGTGTGG,TGTGAATGAGTGTGTGTGTGGAC,0
15,GGTGAGTGAGTGTGTGCGTGTGG,GGGGGATGTGTGTGTGTGTGTGT,0
16,GGTGAGTGAGTGTGTGCGTGTGG,TGTGTGTGTGTGTGTGTGTGTGT,0
17,GGTGAGTGAGTGTGTGCGTGTGG,TGTGTGTGTGTGTGTGCGCGCGC,0
18,GGTGAGTGAGTGTGTGCGTGTGG,TGTGTGTGTGTGTGTGTGTGCGT,0
19,GGTGAGTGAGTGTGTGCGTGTGG,GGTGAGAGAGTGTGTGCACGGGG,1
20,GGTGAGTGAGTGTGTGCGTGTGG,AGTGAATGAGTGTGTGTGTGTGG,1
21,GGTGAGTGAGTGTGTGCGTGTGG,TGTGTGTGTGTGTGTGCGCGCGC,0
22,GGTGAGTGAGTGTGTGCGTGTGG,TGTGTGTATGTGTGTGTGTGTGT,0
23,GGTGAGTGAGTGTGTGCGTGTGG,TATATGTGCGTGTGTGTGTGTGG,0
24,GGTGAGTGAGTGTGTGCGTGTGG,TGTGAGTGAGTGTGTGTGTGTGA,1
25,GGTGAGTGAGTGTGTGCGTGTGG,GGTGTGTGGGTGGGGGTGTGTGG,1
26,GGTGAGTGAGTGTGTGCGTGTGG,GGTGTGTGGGTGGGGGTGTGTGG,1
27,GGTGAGTGAGTGTGTGCGTGTGG,TGTGTGTGTGTGTGTGTGTGTGT,0
28,GGTGAGTGAGTGTGTGCGTGTGG,AGTGAGAAAGTGTGTGCATGCGG,1
29,GGTGAGTGAGTGTGTGCGTGTGG,TGTGTGTGAGAGAGTGTGTGTGT,0
30,GGTGAGTGAGTGTGTGCGTGTGG,TGTGTGTGTGTGTGTGTGTGTGC,0
31,GGTGAGTGAGTGTGTGCGTGTGG,TGTGTGTGTGTGTGTGTGTGCGT,0
32,GGTGAGTGAGTGTGTGCGTGTGG,TGTGTGTGTGTGTGTGCGTGTGC,0
33,GGTGAGTGAGTGTGTGCGTGTGG,AGTGTGTGTGTGTGTGTGTGTGT,0
34,GGTGAGTGAGTGTGTGCGTGTGG,AGTGTGTGTGTGAGTGTGTGTGA,0
35,GGTGAGTGAGTGTGTGCGTGTGG,GATGAGTGTGTGTGTGTGTGAGG,1
36,GGTGAGTGAGTGTGTGCGTGTGG,TGTGTGTGTGTGTGTGTGCGTGC,0
37,GGTGAGTGAGTGTGTGCGTGTGG,TGTGTGTGTGAGTGTGTGTGTGT,0
38,GGTGAGTGAGTGTGTGCGTGTGG,TGTGAGTGAGTATGTACATGTGG,1
39,GGTGAGTGAGTGTGTGCGTGTGG,GGTGTGTGTGTGTGTGTGCGTGC,0
40,GGTGAGTGAGTGTGTGCGTGTGG,TGTGAGTGTGTGTGTGTGTGTGT,0
41,GGTGAGTGAGTGTGTGCGTGTGG,GGTGGATGAGTGTGTGTGTGGGG,1
42,GGTGAGTGAGTGTGTGCGTGTGG,CGCGAGCGAGTGTGTGTGTGTGT,0
43,GGTGAGTGAGTGTGTGCGTGTGG,TGTATGTGTGTGTGTGCGTGTTC,0
44,GGTGAGTGAGTGTGTGCGTGTGG,TGTGTGTGTGTGTGTGCGTATGT,0
45,GGTGAGTGAGTGTGTGCGTGTGG,GTTGACTGAGTGTGTGCTGGAGA,0
46,GGTGAGTGAGTGTGTGCGTGTGG,TGTGTGTGTGTGTGTGTGTGTGT,0
47,GGTGAGTGAGTGTGTGCGTGTGG,GGTGAGTAAGTGTGAGCGTAAGG,1
48,GGTGAGTGAGTGTGTGCGTGTGG,ACTGTGTGAGTGTGTGCGTGAGG,1
49,GGTGAGTGAGTGTGTGCGTGTGG,TGGGTGTGAGTGTGTGCGTGTGT,0
50,GGTGAGTGAGTGTGTGCGTGTGG,GGTGTGTGGGTGGGGGTGTGTGG,1
51,GGTGAGTGAGTGTGTGCGTGTGG,TGTGTGTGTGTGCGCGCGTGTGT,0
52,GGTGAGTGAGTGTGTGCGTGTGG,TGTGTGTGCGTGTGTGCGTGTGT,0
53,GGTGAGTGAGTGTGTGCGTGTGG,TTAGAGTGAGTGTATGAGTGTGT,0
54,GGTGAGTGAGTGTGTGCGTGTGG,TGTGTGTGTGTGTGTGTGTGTGC,0
55,GGTGAGTGAGTGTGTGCGTGTGG,AGTGTGTGTGCGTGTGTGTGTGT,0
56,GGTGAGTGAGTGTGTGCGTGTGG,AGTGTGTGTGTGTGTGGGTGTGG,0
57,GGTGAGTGAGTGTGTGCGTGTGG,TGTGTGTGTTTGTGTGTGTGTGT,0
58,GGTGAGTGAGTGTGTGCGTGTGG,GGAGAGTGAGTGTGTGCATGTGC,1
59,GGTGAGTGAGTGTGTGCGTGTGG,AGCGAGTGGGTGTGTGCGTGGGG,1
60,GGTGAGTGAGTGTGTGCGTGTGG,AGTGTGTGTGTGTGTGTGTGCGC,0
61,GGTGAGTGAGTGTGTGCGTGTGG,GAGTGGTGTGTGTGTGCGTGTGT,0
62,GGTGAGTGAGTGTGTGCGTGTGG,TGGGACAGAGTATGTGCGTGTGT,0
63,GGTGAGTGAGTGTGTGCGTGTGG,TCTGTGTGAGTGTGTGTGTGTGT,0
64,GGTGAGTGAGTGTGTGCGTGTGG,CGTGAGTGTGTCTGTGTGTGTTT,0
65,GGTGAGTGAGTGTGTGCGTGTGG,GGTGTGTGTGTGTGTGTGTGTGT,0
66,GGTGAGTGAGTGTGTGCGTGTGG,GATGAGTGTGTGCTTGAGTGTGT,0
67,GGTGAGTGAGTGTGTGCGTGTGG,GGCTTGTGAGTGTGTCTGTGTGC,0
68,GGTGAGTGAGTGTGTGCGTGTGG,TGTGTGTGTGTGTGTGCGCGCGC,0
69,GGTGAGTGAGTGTGTGCGTGTGG,TGTGAGTGTGTTTGTGTGTGTGT,0
70,GGTGAGTGAGTGTGTGCGTGTGG,GGTGAGTGAGTGCGTGCGGGTGG,1
71,GGTGAGTGAGTGTGTGCGTGTGG,AGTGAGTGAGTGTGTGTGTGTGA,1
72,GGTGAGTGAGTGTGTGCGTGTGG,TGTGAGTGTGTACGTGTGTGTGC,0
73,GGTGAGTGAGTGTGTGCGTGTGG,AATGAGTGAGTGTGTGTGTGTGA,1
74,GGTGAGTGAGTGTGTGCGTGTGG,AGAGAGTGTGTGTGCGTGTGTGT,0
75,GGTGAGTGAGTGTGTGCGTGTGG,GGTGAGTGAGTGTGTGTGTGAGG,1
76,GGTGAGTGAGTGTGTGCGTGTGG,TGTGGGTGAGTGTGTGTGTGTGG,1
77,GGTGAGTGAGTGTGTGCGTGTGG,TGTGGGTGAGTGTGTGCGTGAGG,1
78,GGTGAGTGAGTGTGTGCGTGTGG,TGTGAGTGGGTGTGTGTGTGGGG,1
79,GGTGAGTGAGTGTGTGCGTGTGG,GGTGTATGAGTGTGTGTGTGAGG,1
80,GGTGAGTGAGTGTGTGCGTGTGG,AGGGTATGAGTGTGTACGTGTGC,0
81,GGTGAGTGAGTGTGTGCGTGTGG,TGTGGGTGGGTGTGTGCGTATAC,0
82,GGTGAGTGAGTGTGTGCGTGTGG,AGTGTGTGAGTGTGTGCGTGTGG,1
83,GGTGAGTGAGTGTGTGCGTGTGG,AGTGAGTGAGTGTGTGTGTGAGA,1
84,GGTGAGTGAGTGTGTGCGTGTGG,TGTGAGTGAGTGTGTGTGTGTGA,1
85,GGTGAGTGAGTGTGTGCGTGTGG,TGATTGTGTGTGTGTGCGTGTGT,0
86,GGTGAGTGAGTGTGTGCGTGTGG,TGTGTGTGTGTGTGAGTGTGTGG,0
87,GGTGAGTGAGTGTGTGCGTGTGG,TGTGAGTGAGTGTGTGTGTGTGA,1
88,GGTGAGTGAGTGTGTGCGTGTGG,TGTGCGTGTCTATGTGCGTGTGT,0
89,GGTGAGTGAGTGTGTGCGTGTGG,AGTGAGTAAGTGAGTGAGTGAGG,1
90,GGTGAGTGAGTGTGTGCGTGTGG,GGTGAGTGTGTGTGTGCATGTGG,1
91,GGTGAGTGAGTGTGTGCGTGTGG,TGTGTGTGTGTGTGTGTGCGTGT,0
92,GGTGAGTGAGTGTGTGCGTGTGG,TGTGTGTGTGTGTGTGCGTGTGT,0
93,GGTGAGTGAGTGTGTGCGTGTGG,GATGTGAGTGTGTGTGTGTGTGT,0
94,GGTGAGTGAGTGTGTGCGTGTGG,TGTGTGTGTGTGTGTGCGCGCGC,0
95,GGTGAGTGAGTGTGTGCGTGTGG,GGTGTGTGGGTGGGGGTGTGTGG,1
96,GGTGAGTGAGTGTGTGCGTGTGG,TGTGTGTGTGTGTGTGTGCGTGC,0
97,GGTGAGTGAGTGTGTGCGTGTGG,AGTGAGTGAGTGTGAGTGCGGGG,1
98,GGTGAGTGAGTGTGTGCGTGTGG,AGTGAGTATGTGTGTGTGTGGGG,1
99,GGTGAGTGAGTGTGTGCGTGTGG,TGTGTCTGTGTGTGTGTGTGTGT,0
100,GGTGAGTGAGTGTGTGCGTGTGG,TGTGTGTGTGTGTGTGCGTGTGT,0
101,GGTGAGTGAGTGTGTGCGTGTGG,AGTGAGTGAGTGAGTGAGTGAGG,1
102,GGTGAGTGAGTGTGTGCGTGTGG,CGTGTGTGTGAGTGTGTGTATGG,0
103,GGTGAGTGAGTGTGTGCGTGTGG,CGTGTGTGCCCGTGTGCGTGTGA,0
104,GGTGAGTGAGTGTGTGCGTGTGG,CGCGAGTGAGTGTGTGCGCGGGG,1
105,GGTGAGTGAGTGTGTGCGTGTGG,TGTGTGTGTGTGTGTGTGTGTGC,0
106,GGTGAGTGAGTGTGTGCGTGTGG,GATGAGTGAGTGAGTTCTTGAGA,0
107,GGTGAGTGAGTGTGTGCGTGTGG,AGTGAGTGAGTGAGTGAGTGAGT,0
108,GGTGAGTGAGTGTGTGCGTGTGG,GGTGTGAGAGTGTATGAGTGTGT,0
109,GGTGAGTGAGTGTGTGCGTGTGG,TGTGCGTGTGTGAGTGTGTGTGC,0
110,GGTGAGTGAGTGTGTGCGTGTGG,TGTGTGTGCGTGTGTGTGTGCGT,0
111,GGTGAGTGAGTGTGTGCGTGTGG,GGTGTGTGGGTGGGGGTGTGTGG,1
112,GGTGAGTGAGTGTGTGCGTGTGG,TGTGTGTGTGTGTGTGTGTGTGC,0
113,GGTGAGTGAGTGTGTGCGTGTGG,TGAGTGTGTGTGTGTGTGTGTGT,0
114,GGTGAGTGAGTGTGTGCGTGTGG,CGTGCGTGTGTGTGTGCGTGTGT,0
115,GGTGAGTGAGTGTGTGCGTGTGG,TGTGTGTGTGTGTGTGCGCGCGT,0
116,GGTGAGTGAGTGTGTGCGTGTGG,TGTGTGCGTGTGTGTGTGTGTGT,0
117,GGTGAGTGAGTGTGTGCGTGTGG,GAGGGGTGTGTGAGTGAGTGTGG,0
118,GGTGAGTGAGTGTGTGCGTGTGG,GGTGAGCAAGTGTGTGTGTGTGG,1
119,GGTGAGTGAGTGTGTGCGTGTGG,GTTGAGTGAATGTGTGCGTGAGG,1
120,GGTGAGTGAGTGTGTGCGTGTGG,TGTGCATGTGTGTGAGTGTGTGG,0
121,GGTGAGTGAGTGTGTGCGTGTGG,TGTGTGTGCGTGTGTGTGTGTAT,0
122,GGTGAGTGAGTGTGTGCGTGTGG,TGAGTGTGTGTGTGTGTGTGTGT,0
123,GGTGAGTGAGTGTGTGCGTGTGG,TGAGTGTGTGTGTGTGTGTGTGT,0
124,GGTGAGTGAGTGTGTGCGTGTGG,TGTGTGTGTGTGTGTGCGTGTGT,0
125,GGTGAGTGAGTGTGTGCGTGTGG,TGTGTGTGTGTGCGTGTGTGTGT,0
126,GGTGAGTGAGTGTGTGCGTGTGG,CATGAGTGAGTGTGTGGGTGGGG,1
127,GGTGAGTGAGTGTGTGCGTGTGG,TGTGTGTGTGTGTGTGTGTGCGT,0
128,GGTGAGTGAGTGTGTGCGTGTGG,GGAGTGTGTGTGTGTGCGTGTGA,0
129,GGTGAGTGAGTGTGTGCGTGTGG,AGTGAGTGAGTGAGTGAGTGAGG,1
130,GGTGAGTGAGTGTGTGCGTGTGG,TGTGTGTGTGTGTGTGCGCGCGC,0
131,GGTGAGTGAGTGTGTGCGTGTGG,TGTGTGTGTGTGAGTGTGTGTGA,0
132,GGTGAGTGAGTGTGTGCGTGTGG,TGTGTGTGTGTGTGTGTGCGTGT,0
133,GGTGAGTGAGTGTGTGCGTGTGG,TGTGGGTGAGTGTGTGCGTGAGA,1
134,GGTGAGTGAGTGTGTGCGTGTGG,TGTGTGTGTGTGTGTGTGTGCGC,0
135,GGTGAGTGAGTGTGTGCGTGTGG,TGAGTGTGTGTGTGTGTGTGTGT,0
136,GGTGAGTGAGTGTGTGCGTGTGG,TGTGGGTGAGCATGTGCGTGAGG,1
137,GGTGAGTGAGTGTGTGCGTGTGG,GGTGAATGAGTGTGTGCTCTGGG,1
138,GGTGAGTGAGTGTGTGCGTGTGG,TGTGAGTGTGTGTGAGTGTGTGT,0
139,GGTGAGTGAGTGTGTGCGTGTGG,TGTGTGTGTGTGTGTGTGTGTGT,0
140,GGTGAGTGAGTGTGTGCGTGTGG,TGTGTGTGTGTGTGTGTGTGTGT,0
141,GGTGAGTGAGTGTGTGCGTGTGG,TGTGAGTGTGTATGAGTGTGTGT,0
142,GGTGAGTGAGTGTGTGCGTGTGG,TGTGTGTGTGAGTGTGTGTGTGT,0
143,GGTGAGTGAGTGTGTGCGTGTGG,TGTGTGTGTGCGTGTGTGTGTGC,0
144,GGTGAGTGAGTGTGTGCGTGTGG,GGGGAGTGTTTGTGTGTGTGTGT,0
145,GGTGAGTGAGTGTGTGCGTGTGG,TGTGTGTGTGTGTGTGTGTGTGC,0
146,GGTGAGTGAGTGTGTGCGTGTGG,TGTGTGTGTGTGTGTGTGTGTGT,0
147,GGTGAGTGAGTGTGTGCGTGTGG,TGTGAGTGTGTGTGTGTGTGTGT,0
148,GGTGAGTGAGTGTGTGCGTGTGG,TGTGTGTGTGTGTGTGTGCGTGT,0
149,GGTGAGTGAGTGTGTGCGTGTGG,GAAGAGTGAGTGTCTGTGTGAGT,0
150,GGTGAGTGAGTGTGTGCGTGTGG,GGGGGGTGAGTGTGTGTGTGGGG,1
151,GGTGAGTGAGTGTGTGCGTGTGG,AGTGGGGGTGTGTGTGCGTGAGC,0
152,GGTGAGTGAGTGTGTGCGTGTGG,AGCGAGTGAGTGTGTGTGTGGGG,1
153,GGTGAGTGAGTGTGTGCGTGTGG,TGTGTGTGTGTGTGCGTGTGTGT,0
154,GGTGAGTGAGTGTGTGCGTGTGG,TGTGTGTGTGTGTATGCCTGTGC,0
155,GGTGAGTGAGTGTGTGCGTGTGG,TGTGTGCGTGTGTGTGTGTGTGT,0
156,GGTGAGTGAGTGTGTGCGTGTGG,TGTGTGTGTGTGTGTGTGCGTGC,0
157,GGTGAGTGAGTGTGTGCGTGTGG,TGTAGGTGAGTGTGTGTGCATGG,0
158,GGTGAGTGAGTGTGTGCGTGTGG,TGTGTGTGTGTGTGTGTGTGTGT,0
159,GGTGAGTGAGTGTGTGCGTGTGG,TGTGTGTGTGTGTGAGTGTGTGA,0
160,GGTGAGTGAGTGTGTGCGTGTGG,TGTGAGTGAGTGTGTGTATGGGG,1
161,GGTGAGTGAGTGTGTGCGTGTGG,TGTGAGTGAGTGTGTGTGTGTGA,1
162,GGTGAGTGAGTGTGTGCGTGTGG,TGTGTGTGCGTGTGTGTGTGAGC,0
163,GGTGAGTGAGTGTGTGCGTGTGG,AGTGAGTGAGTGTGTGTGTGGGG,1
164,GGTGAGTGAGTGTGTGCGTGTGG,CGTGTGTGTGCGTGTGTGTGTGT,0
165,GGTGAGTGAGTGTGTGCGTGTGG,TGTGTGTGTGTGTGTGTGTGCGT,0
166,GGTGAGTGAGTGTGTGCGTGTGG,AGTGTGTGTGTGTGTGTGTGTGT,0
167,GGTGAGTGAGTGTGTGCGTGTGG,GGTGTGTGGGTGGGGGTGTGTGG,1
168,GGTGAGTGAGTGTGTGCGTGTGG,TGAGTGTGTGTGTGTGTGTGTGT,0
169,GGTGAGTGAGTGTGTGCGTGTGG,AGTGAGTGAGTGAGTGAGTGGGG,1
170,GGTGAGTGAGTGTGTGCGTGTGG,GTAGAGTGAGTGTGTGTGTGTGG,1
171,GGTGAGTGAGTGTGTGCGTGTGG,TGTGTGCGTGTGTGTGTGTGTGT,0
172,GGTGAGTGAGTGTGTGCGTGTGG,CATGTGTGTGTGCGTGCGTGTGG,0
173,GGTGAGTGAGTGTGTGCGTGTGG,TGTGTGTGTGTGTGTGTGTGTGT,0
174,GGTGAGTGAGTGTGTGCGTGTGG,TGTGAGTGAGTGTGTGTGTGTGA,1
175,GGTGAGTGAGTGTGTGCGTGTGG,TGTGTGTGCGTGCGTGTGTGTGT,0
176,GGTGAGTGAGTGTGTGCGTGTGG,TGTGTGTGTGTGTGTGTGTGTGC,0
177,GGTGAGTGAGTGTGTGCGTGTGG,GGTGAGTGTGTGCGTGTGTGTGT,0
178,GGTGAGTGAGTGTGTGCGTGTGG,CGTGAGTGAGTGTGTACCTGGGG,1
179,GGTGAGTGAGTGTGTGCGTGTGG,GATGAGTGAGTGAGTGAGTGGGG,1
180,GGTGAGTGAGTGTGTGCGTGTGG,CTGGAGTGAGTGTGTGTGTGTGG,1
181,GGTGAGTGAGTGTGTGCGTGTGG,TGTGAGTAAGTGTGTGTGTGTGG,1
182,GGTGAGTGAGTGTGTGCGTGTGG,AGGGAGTGACTGTGTGCGTGTGG,1
183,GGTGAGTGAGTGTGTGCGTGTGG,TGTGTGTGTGTCTGTGTGTGTGC,0
184,GGTGAGTGAGTGTGTGCGTGTGG,GGTGTGTGAGTGTGTGTGTGTGG,1
185,GGTGAGTGAGTGTGTGCGTGTGG,TGAGTGTGTGTGTGTGTGTGTGT,0
186,GGTGAGTGAGTGTGTGCGTGTGG,CGTGTGTGCGTGTGTGTGTATGC,0
187,GGTGAGTGAGTGTGTGCGTGTGG,GGTGAGAGAGTGTGTGCGTAGGA,1
188,GGTGAGTGAGTGTGTGCGTGTGG,TGTGTGTGTGTGCGTGCGTGTGT,0
189,GGTGAGTGAGTGTGTGCGTGTGG,TGTGTGTGTGTGTGTGTGCGTGT,0
190,GGTGAGTGAGTGTGTGCGTGTGG,TGTGAGTGTATGTGAGTGTGTGT,0
191,GGTGAGTGAGTGTGTGCGTGTGG,TGTGTGTGTTTGTGTGTGTGTGT,0
192,GGTGAGTGAGTGTGTGCGTGTGG,TATATGTGTGTGTGTGCGTGTGT,0
193,GGTGAGTGAGTGTGTGCGTGTGG,TGTGTGTGTGTGCGTGTGTGTGT,0
194,GGTGAGTGAGTGTGTGCGTGTGG,GCTGAGTGAGTGTATGCGTGTGG,1
195,GGTGAGTGAGTGTGTGCGTGTGG,GGTGCCTGAGTGAGTGTAGGTGG,0
196,GGTGAGTGAGTGTGTGCGTGTGG,AGGGAGTGAGTGTGAGAGTGCGG,1
197,GGTGAGTGAGTGTGTGCGTGTGG,AGTGAGTGAGTGAGTGAGTGAGG,1
198,GGTGAGTGAGTGTGTGCGTGTGG,TGTGAGAGAGTGTGTGTGTGGAG,1
199,GGTGAGTGAGTGTGTGCGTGTGG,CGTGTGTGCGTGTGTGTGTGTGT,0
200,GGTGAGTGAGTGTGTGCGTGTGG,AGAGAGTGAGTGTGTGCATGAGG,1
201,GGTGAGTGAGTGTGTGCGTGTGG,AGTGCGTGTGTGCGTGTGTGTGT,0
202,GGTGAGTGAGTGTGTGCGTGTGG,TGTGAGTGAGTGTGTGTGTGTGA,1
203,GGTGAGTGAGTGTGTGCGTGTGG,TGTGTGTGTGTGTGTGTGTGCGC,0
